id;date_debut;date_fin;salaire
1;2021-08-14T05:36:49;2021-08-14T09:51:29;46060
2;2021-08-14T14:56:10;2021-08-14T03:37:04;35506
3;2021-08-14T15:55:43;2021-08-14T00:41:39;68187
4;2021-08-14T07:32:46;2021-08-14T08:51:01;48213
5;2021-08-14T01:09:09;2021-08-14T00:14:43;87421
6;2021-08-14T13:51:31;2021-08-14T16:06:55;49993
7;2021-08-14T22:08:35;2021-08-14T02:06:53;5559
8;2021-08-14T04:48:32;2021-08-14T14:30:08;45268
9;2021-08-14T07:00:43;2021-08-14T17:44:56;30682
10;2021-08-14T06:22:23;2021-08-14T19:36:20;13873
