id;libelle;date;quantite;montant
1;Home Savings Account;2021-08-14T02:43:18;1009;96082
2;Wall;2021-08-14T11:33:11;53625;61283
3;Fresh;2021-08-14T07:00:34;31339;18127
4;Iowa;2021-08-14T15:00:24;62935;55816
5;Bosnia and Herzegovina olive;2021-08-13T22:52:50;85331;88620
6;Hungary scale;2021-08-14T02:08:49;143;75247
7;Designer mint green neutral;2021-08-14T20:09:56;41216;81760
8;transmitting;2021-08-14T19:19:57;2962;43553
9;impactful;2021-08-14T05:04:59;12173;33301
10;Metal Sleek;2021-08-14T21:41:44;94085;20496
